{"University 1": -91.188601, "University 2": -84.396001, "University 3": -122.819336, "University 4": -75.910387, "University 5": -79.885932, "University 6": -97.832972, "University 8": -83.02764, "University 9": -77.88113, "University 10": -117.769442, "University 12": -118.32958700000002, "University 13": -88.99056, "University 19": -83.871284, "University 23": -82.797267, "University 24": -74.700396, "University 25": -75.120704, "University 26": -87.68429300000003, "University 27": -94.58516, "University 7": -76.42549, "University 28": -73.990999, "University 31": -87.56214399999998, "University 33": -84.162826, "University 32": -77.392609, "University 35": -74.02901800000002, "University 17": -79.777559, "University 37": -84.734465, "University 39": -121.921498, "University 36": -75.717762, "University 40": -78.893753, "University 41": -84.581906, "University 42": -80.949466, "University 43": -80.14575, "University 44": -111.869961, "University 45": -77.009828, "University 46": -157.90399399999995, "University 47": -108.526828, "University 48": -122.684286, "University 49": -89.548378, "University 50": -88.794057, "University 51": -82.413225, "University 11": -94.577827, "University 53": -73.92519300000002, "University 54": -90.183909, "University 55": -95.786392, "University 56": -77.53823, "University 57": -121.308951, "University 58": 138.602002, "University 59": -90.736779, "University 61": -78.897667, "University 62": -80.734562, "University 63": -102.799866, "University 66": -72.767385, "University 67": -89.995129, "University 68": -93.097768, "University 70": -95.498476, "University 69": -82.362131, "University 72": -84.00120799999998, "University 74": -93.701816, "University 73": -118.08086000000002, "University 75": -96.578842, "University 76": -114.331063, "University 77": -86.363676, "University 78": -105.59022, "University 79": -114.980388, "University 80": -78.73821099999998, "University 82": -89.53718, "University 83": -84.84676400000002, "University 21": -86.80190400000002, "University 84": -92.071902, "University 86": -112.351835, "University 85": NaN, "University 87": -90.210745, "University 88": -91.598917, "University 90": -90.675602, "University 15": -122.922323, "University 93": -71.61479, "University 94": -105.982146, "University 95": -122.690794, "University 96": -82.487126, "University 16": -97.471056, "University 100": -122.984856, "University 101": -104.133391, "University 104": -106.131618, "University 108": -91.48084, "University 112": -74.004581, "University 18": -94.834963, "University 117": -87.454769, "University 119": -122.25012, "University 120": -105.61278, "University 121": -117.812668, "University 123": -79.997567, "University 20": -79.89498499999998, "University 71": -86.513329, "University 134": -93.056583, "University 22": -88.663489, "University 138": -78.668194, "University 139": -122.53801599999998, "University 124": -88.35976, "University 144": -83.801451, "University 143": -74.18681, "University 145": -122.309849, "University 150": -105.508319, "University 151": -119.28446, "University 114": -80.91785300000002, "University 64": -87.667527, "University 152": -80.938257, "University 154": -75.344083, "University 163": -75.78144499999998, "University 168": -84.557181, "University 173": -86.47276, "University 175": -121.746159, "University 176": -159.714507, "University 177": -76.35413, "University 178": -77.917335, "University 183": -87.62213, "University 184": -77.76388299999998, "University 190": -73.92343000000002, "University 195": -89.638254, "University 191": -80.072888, "University 192": -89.192566, "University 196": -96.523011, "University 197": -122.413452, "University 198": -80.870862, "University 199": -85.487341, "University 204": -98.295356, "University 208": -91.170285, "University 219": -117.76523, "University 221": -83.884804, "University 225": -87.87373199999998, "University 224": -87.683188, "University 227": -82.166534, "University 228": -89.615971, "University 229": -95.078313, "University 235": -89.209109, "University 237": -121.840083, "University 30": -76.941919, "University 243": -89.93666999999998, "University 244": -78.934721, "University 247": -81.861757, "University 250": -83.604895, "University 251": -75.23320799999998, "University 252": -117.814991, "University 253": -118.180502, "University 257": -92.465779, "University 256": -70.976558, "University 264": -99.11144, "University 265": -80.565343, "University 263": -71.414451, "University 271": -92.445162, "University 272": -106.753336, "University 266": -82.560475, "University 270": -82.361013, "University 267": -82.751009, "University 273": -90.19231, "University 276": -89.421412, "University 274": -86.872959, "University 279": -117.896341, "University 280": -94.860299, "University 285": -76.887905, "University 289": -95.302223, "University 282": -114.55606, "University 165": -90.077, "University 283": -87.60001, "University 286": -71.50445, "University 291": -77.841359, "University 292": -72.27741, "University 296": -83.33573, "University 295": -83.994328, "University 294": -117.29215, "University 306": -98.81099, "University 302": -74.168479, "University 303": -93.154445, "University 293": -84.708275, "University 298": -117.762554, "University 311": -78.82587099999998, "University 309": -72.199084, "University 320": -92.087367, "University 319": -88.24426600000002, "University 316": -105.392788, "University 314": -84.493439, "University 321": -91.506154, "University 318": -122.289657, "University 312": -79.38532, "University 315": -91.776, "University 328": -72.604842, "University 332": -88.112442, "University 326": -96.735563, "University 333": -91.991044, "University 148": -79.130864, "University 337": -95.263047, "University 335": -84.391695, "University 341": -92.595365, "University 340": -90.136429, "University 343": -78.206289, "University 351": -81.76714100000002, "University 352": -87.113196, "University 353": -76.61240500000002, "University 300": -79.94941700000003, "University 361": -79.03893000000002, "University 364": -83.374549, "University 363": -121.115411, "University 359": -72.888349, "University 368": -89.877841, "University 371": -95.30552, "University 370": -105.159078, "University 377": -104.16384, "University 379": -98.528889, "University 380": -71.081416, "University 381": -122.022872}