{"University 1": -91.188601, "University 2": -78.48354300000003, "University 39": -83.43560500000002, "University 5": -94.58516, "University 131": -97.832972, "University 7": -89.548378, "University 8": -83.53629699999998, "University 9": -102.799866, "University 10": -105.982146, "University 12": -84.396001, "University 13": -80.91785300000002, "University 14": -81.029872, "University 3": -122.819336, "University 17": -81.98959, "University 18": -79.885932, "University 19": -117.185591, "University 20": -97.581551, "University 165": -72.946852, "University 22": -75.120704, "University 4": -87.68429300000003, "University 25": -76.42549, "University 26": -81.16297800000002, "University 27": -83.137876, "University 6": -86.8073, "University 30": -87.56214399999998, "University 31": -84.162826, "University 32": -77.392609, "University 33": -73.990999, "University 34": -74.02901800000002, "University 233": -79.777559, "University 36": -84.734465, "University 37": -117.769442, "University 38": -121.921498, "University 40": -75.717762, "University 41": -78.893753, "University 42": -84.581906, "University 43": -80.949466, "University 44": -80.14575, "University 170": -111.869961, "University 46": -77.009828, "University 47": -157.90399399999995, "University 48": -108.526828, "University 49": -122.684286, "University 52": -88.794057, "University 179": -82.413225, "University 54": -94.577827, "University 56": -90.183909, "University 57": -95.786392, "University 58": -77.53823, "University 59": -121.308951, "University 60": 138.602002, "University 61": -90.736779, "University 63": -118.32958700000002, "University 64": -78.897667, "University 66": -80.734562, "University 68": -88.99056, "University 265": -72.767385, "University 72": -89.995129, "University 73": -93.097768, "University 74": -95.498476, "University 75": -82.362131, "University 77": -84.00120799999998, "University 78": -93.701816, "University 79": -118.08086000000002, "University 80": -96.578842, "University 81": -114.331063, "University 82": -86.363676, "University 83": -105.59022, "University 84": -114.980388, "University 85": -78.73821099999998, "University 196": -77.88113, "University 87": -89.53718, "University 88": -84.84676400000002, "University 89": -117.18548, "University 90": -92.071902, "University 91": -112.351835, "University 263": NaN, "University 93": -90.210745, "University 94": -91.598917, "University 96": -90.675602, "University 99": -122.922323, "University 101": -82.29403, "University 104": -122.690794, "University 105": -82.487126, "University 109": -97.471056, "University 112": -122.984856, "University 113": -104.133391, "University 115": -106.131618, "University 121": -91.48084, "University 123": -86.80190400000002, "University 126": -84.69466700000002, "University 129": -74.004581, "University 132": -71.61479, "University 133": -94.834963, "University 172": -87.454769, "University 138": -83.871284, "University 139": -122.25012, "University 140": -105.61278, "University 143": -117.812668, "University 144": -83.02764, "University 146": -79.997567, "University 147": -93.961022, "University 151": -86.513329, "University 157": -93.056583, "University 160": -88.858988, "University 161": -82.797267, "University 163": -78.668194, "University 164": -122.53801599999998, "University 169": -88.35976, "University 173": -83.801451, "University 174": -74.18681, "University 175": -122.309849, "University 188": -105.508319, "University 193": -119.28446, "University 195": -87.667527, "University 197": -80.938257, "University 199": -75.344083, "University 207": -90.072803, "University 210": -75.78144499999998, "University 212": -84.557181, "University 218": -86.47276, "University 219": -121.746159, "University 220": -159.714507, "University 222": -76.35413, "University 224": -77.917335, "University 228": -87.62213, "University 230": -77.76388299999998, "University 240": -73.92343000000002, "University 241": -89.638254, "University 242": -80.072888, "University 244": -89.192566, "University 246": -96.523011, "University 247": -122.413452, "University 248": -80.870862, "University 249": -85.487341, "University 251": -88.663489, "University 254": -98.295356, "University 259": -74.700396, "University 261": -91.170285, "University 275": -117.76523, "University 277": -83.884804, "University 280": -87.87373199999998, "University 281": -87.683188, "University 283": -82.166534, "University 285": -89.615971, "University 286": -95.078313, "University 292": -89.209109, "University 295": -121.840083, "University 298": -76.941919, "University 300": -89.93666999999998, "University 302": -78.934721, "University 304": -81.861757, "University 307": -83.604895, "University 308": -75.23320799999998, "University 309": -117.814991, "University 311": -118.180502, "University 314": -79.89498499999998, "University 315": -92.465779, "University 317": -70.976558, "University 319": -99.11144, "University 324": -80.565343, "University 325": -71.414451, "University 326": -92.445162, "University 328": -106.753336, "University 329": -82.560475, "University 331": -82.361013, "University 332": -82.751009, "University 333": -90.19231, "University 335": -89.421412, "University 336": -86.872959, "University 340": -117.896341, "University 341": -94.860299, "University 344": -76.887905, "University 345": -95.302223, "University 346": -114.55606, "University 347": -90.077, "University 348": -87.60001, "University 349": -71.50445, "University 355": -77.841359, "University 356": -72.27741, "University 357": -83.33573, "University 359": -83.994328, "University 360": -117.29215, "University 361": -98.81099, "University 364": -74.168479, "University 365": -93.154445, "University 367": -84.708275, "University 369": -117.762554, "University 372": -78.82587099999998, "University 375": -72.199084, "University 376": -92.087367, "University 379": -88.24426600000002, "University 381": -105.392788, "University 382": -84.493439, "University 383": -91.506154, "University 384": -122.289657, "University 387": -79.38532, "University 388": -91.776, "University 389": -72.604842, "University 390": -88.112442, "University 393": -96.735563, "University 399": -91.991044, "University 400": -79.130864, "University 401": -95.263047, "University 403": -84.391695, "University 406": -92.595365, "University 408": -90.136429, "University 413": -78.206289, "University 420": -81.76714100000002, "University 421": -87.113196, "University 422": -76.61240500000002, "University 427": -79.94941700000003, "University 428": -79.03893000000002, "University 429": -83.374549, "University 432": -121.115411, "University 435": -72.888349, "University 439": -89.877841, "University 441": -95.30552, "University 442": -105.159078, "University 450": -104.16384, "University 451": -98.528889, "University 452": -71.081416, "University 453": -122.022872}