{"University 1": 30.459975, "University 2": 37.986014, "University 3": 48.049258, "University 4": 37.403801, "University 5": 40.065615, "University 6": 44.891983, "University 8": 30.70327, "University 9": 34.228209, "University 10": 33.640302, "University 12": 46.065081, "University 13": 40.51417, "University 19": 30.976287, "University 23": 34.744649, "University 24": 41.650261, "University 25": 39.709696, "University 26": 41.5028, "University 27": 39.088975, "University 7": 38.188827, "University 28": 40.731274, "University 31": 33.203634, "University 33": 36.73702700000001, "University 32": 35.580444, "University 35": 40.897169, "University 17": 36.074859, "University 37": 39.509498, "University 39": 37.680181, "University 36": 39.65839, "University 40": 35.072882, "University 41": 34.033208, "University 42": 35.050377000000005, "University 43": 26.384204, "University 44": 40.684882, "University 45": 38.89583, "University 46": 21.36711, "University 47": 45.78457, "University 48": 45.511825, "University 49": 34.358185, "University 50": 33.453832, "University 51": 28.062, "University 11": 39.033781, "University 53": 41.027843, "University 54": 32.302802, "University 55": 29.558454, "University 56": 37.57557, "University 57": 37.981067, "University 58": -34.927341, "University 59": 33.746861, "University 61": 35.99726300000001, "University 62": 35.30615200000001, "University 63": 46.882198, "University 66": 41.68339, "University 67": 29.912261, "University 68": 31.750141, "University 70": 29.849649, "University 69": 36.30044, "University 72": 33.980705, "University 74": 32.432158, "University 73": 33.994748, "University 75": 39.189982, "University 76": 34.497007, "University 77": 35.847744, "University 78": 41.27981, "University 79": 36.045904, "University 80": 35.40913300000001, "University 82": 34.365411, "University 83": 38.187538, "University 21": 33.456412, "University 84": 32.539067, "University 86": 33.703967, "University 85": NaN, "University 87": 29.963254, "University 88": 35.691868, "University 90": 35.841039, "University 15": 45.408173, "University 93": 42.54364, "University 94": 35.69747299999999, "University 95": 45.507856, "University 96": 27.926018, "University 16": 48.630369, "University 100": 45.521516, "University 101": 44.119155, "University 104": 34.434684000000004, "University 108": 35.7005, "University 112": 40.250861, "University 18": 39.577496, "University 117": 39.622129, "University 119": 47.26455, "University 120": 36.75391, "University 121": 33.657531, "University 123": 40.303119, "University 20": 40.046955, "University 71": 39.07977, "University 134": 34.12708, "University 22": 32.381605, "University 138": 37.522251, "University 139": 47.647774, "University 124": 36.905612, "University 144": 33.717989, "University 143": 41.33065, "University 145": 47.666487, "University 150": 38.993867, "University 151": 46.28569, "University 114": 36.432632, "University 64": 39.282538, "University 152": 34.859604, "University 154": 39.897162, "University 163": 40.53907, "University 168": 33.912473, "University 173": 33.94815, "University 175": 38.544956, "University 176": 21.970965, "University 177": 39.99788, "University 178": 43.223303, "University 183": 41.88531, "University 184": 39.537043, "University 190": 40.83739, "University 195": 44.510664, "University 191": 42.074129, "University 192": 32.941519, "University 196": 41.147084, "University 197": 37.725102, "University 198": 35.180557, "University 199": 32.60242, "University 204": 29.543813, "University 208": 30.590585, "University 219": 34.073692, "University 221": 36.03233400000001, "University 225": 42.96986500000001, "University 224": 41.477816, "University 227": 41.450991, "University 228": 39.724961, "University 229": 40.286914, "University 235": 37.739004, "University 237": 39.74615900000001, "University 30": 38.970388, "University 243": 35.117940999999995, "University 244": 35.969681, "University 247": 41.370548, "University 250": 33.061245, "University 251": 43.077369, "University 252": 33.651144, "University 253": 33.82887, "University 257": 31.307468, "University 256": 41.973741, "University 264": 30.73851, "University 265": 32.424353, "University 263": 41.82275, "University 271": 35.162396, "University 272": 32.283428, "University 266": 28.052414, "University 270": 27.727590000000006, "University 267": 38.30699, "University 273": 38.631501, "University 276": 43.072595, "University 274": 33.105259999999994, "University 279": 33.879768, "University 280": 40.277742, "University 285": 39.206132, "University 289": 32.321937, "University 282": 32.78921, "University 165": 29.958304, "University 283": 33.65983, "University 286": 43.65818, "University 291": 40.77893, "University 292": 43.70701, "University 296": 36.731332, "University 295": 43.556574, "University 294": 34.104794, "University 306": 35.709894, "University 302": 41.141206, "University 303": 41.906231, "University 293": 36.809796, "University 298": 48.124594, "University 311": 43.212556, "University 309": 44.73663, "University 320": 46.814054, "University 319": 40.10789000000001, "University 316": 35.29838, "University 314": 40.114729, "University 321": 44.796635, "University 318": 37.86923400000001, "University 312": 41.21479, "University 315": 40.43448400000001, "University 328": 42.170731, "University 332": 41.87272, "University 326": 46.842028000000006, "University 333": 30.24171, "University 148": 35.53971, "University 337": 32.283341, "University 335": 45.558622, "University 341": 44.802351, "University 340": 34.173057, "University 343": 42.42282700000001, "University 351": 38.380263, "University 352": 39.591282, "University 353": 39.330076, "University 300": 38.978405, "University 361": 43.13867, "University 364": 42.31296, "University 363": 37.765177, "University 359": 40.905139, "University 368": 38.841819, "University 371": 35.49426, "University 370": 39.950948, "University 377": 41.64025, "University 379": 29.468413, "University 380": 42.055136, "University 381": 37.953672}