{"University 1": 30.459975, "University 2": 42.08068, "University 39": 38.186526, "University 5": 39.088975, "University 131": 44.891983, "University 7": 34.358185, "University 8": 37.66842000000001, "University 9": 46.882198, "University 10": 35.69747299999999, "University 12": 37.986014, "University 13": 36.432632, "University 14": 34.938466, "University 3": 48.049258, "University 17": 33.470787, "University 18": 40.065615, "University 19": 33.529999, "University 20": 42.224218, "University 165": 41.331619, "University 22": 39.709696, "University 4": 41.5028, "University 25": 38.188827, "University 26": 31.978808, "University 27": 42.41484000000001, "University 6": 33.498228999999995, "University 30": 33.203634, "University 31": 36.73702700000001, "University 32": 35.580444, "University 33": 40.731274, "University 34": 40.897169, "University 233": 36.074859, "University 36": 39.509498, "University 37": 33.640302, "University 38": 37.680181, "University 40": 39.65839, "University 41": 35.072882, "University 42": 34.033208, "University 43": 35.050377000000005, "University 44": 26.384204, "University 170": 40.684882, "University 46": 38.89583, "University 47": 21.36711, "University 48": 45.78457, "University 49": 45.511825, "University 52": 33.453832, "University 179": 28.062, "University 54": 39.033781, "University 56": 32.302802, "University 57": 29.558454, "University 58": 37.57557, "University 59": 37.981067, "University 60": -34.927341, "University 61": 33.746861, "University 63": 46.065081, "University 64": 35.99726300000001, "University 66": 35.30615200000001, "University 68": 40.51417, "University 265": 41.68339, "University 72": 29.912261, "University 73": 31.750141, "University 74": 29.849649, "University 75": 36.30044, "University 77": 33.980705, "University 78": 32.432158, "University 79": 33.994748, "University 80": 39.189982, "University 81": 34.497007, "University 82": 35.847744, "University 83": 41.27981, "University 84": 36.045904, "University 85": 35.40913300000001, "University 196": 34.228209, "University 87": 34.365411, "University 88": 38.187538, "University 89": 33.52991, "University 90": 32.539067, "University 91": 33.703967, "University 263": NaN, "University 93": 29.963254, "University 94": 35.691868, "University 96": 35.841039, "University 99": 45.408173, "University 101": 36.30011, "University 104": 45.507856, "University 105": 27.926018, "University 109": 48.630369, "University 112": 45.521516, "University 113": 44.119155, "University 115": 34.434684000000004, "University 121": 35.7005, "University 123": 33.456412, "University 126": 37.91007800000001, "University 129": 40.250861, "University 132": 42.54364, "University 133": 39.577496, "University 172": 39.622129, "University 138": 30.976287, "University 139": 47.26455, "University 140": 36.75391, "University 143": 33.657531, "University 144": 30.70327, "University 146": 40.303119, "University 147": 33.826229, "University 151": 39.07977, "University 157": 34.12708, "University 160": 36.34318, "University 161": 34.744649, "University 163": 37.522251, "University 164": 47.647774, "University 169": 36.905612, "University 173": 33.717989, "University 174": 41.33065, "University 175": 47.666487, "University 188": 38.993867, "University 193": 46.28569, "University 195": 39.282538, "University 197": 34.859604, "University 199": 39.897162, "University 207": 29.953701, "University 210": 40.53907, "University 212": 33.912473, "University 218": 33.94815, "University 219": 38.544956, "University 220": 21.970965, "University 222": 39.99788, "University 224": 43.223303, "University 228": 41.88531, "University 230": 39.537043, "University 240": 40.83739, "University 241": 44.510664, "University 242": 42.074129, "University 244": 32.941519, "University 246": 41.147084, "University 247": 37.725102, "University 248": 35.180557, "University 249": 32.60242, "University 251": 32.381605, "University 254": 29.543813, "University 259": 41.650261, "University 261": 30.590585, "University 275": 34.073692, "University 277": 36.03233400000001, "University 280": 42.96986500000001, "University 281": 41.477816, "University 283": 41.450991, "University 285": 39.724961, "University 286": 40.286914, "University 292": 37.739004, "University 295": 39.74615900000001, "University 298": 38.970388, "University 300": 35.117940999999995, "University 302": 35.969681, "University 304": 41.370548, "University 307": 33.061245, "University 308": 43.077369, "University 309": 33.651144, "University 311": 33.82887, "University 314": 40.046955, "University 315": 31.307468, "University 317": 41.973741, "University 319": 30.73851, "University 324": 32.424353, "University 325": 41.82275, "University 326": 35.162396, "University 328": 32.283428, "University 329": 28.052414, "University 331": 27.727590000000006, "University 332": 38.30699, "University 333": 38.631501, "University 335": 43.072595, "University 336": 33.105259999999994, "University 340": 33.879768, "University 341": 40.277742, "University 344": 39.206132, "University 345": 32.321937, "University 346": 32.78921, "University 347": 29.958304, "University 348": 33.65983, "University 349": 43.65818, "University 355": 40.77893, "University 356": 43.70701, "University 357": 36.731332, "University 359": 43.556574, "University 360": 34.104794, "University 361": 35.709894, "University 364": 41.141206, "University 365": 41.906231, "University 367": 36.809796, "University 369": 48.124594, "University 372": 43.212556, "University 375": 44.73663, "University 376": 46.814054, "University 379": 40.10789000000001, "University 381": 35.29838, "University 382": 40.114729, "University 383": 44.796635, "University 384": 37.86923400000001, "University 387": 41.21479, "University 388": 40.43448400000001, "University 389": 42.170731, "University 390": 41.87272, "University 393": 46.842028000000006, "University 399": 30.24171, "University 400": 35.53971, "University 401": 32.283341, "University 403": 45.558622, "University 406": 44.802351, "University 408": 34.173057, "University 413": 42.42282700000001, "University 420": 38.380263, "University 421": 39.591282, "University 422": 39.330076, "University 427": 38.978405, "University 428": 43.13867, "University 429": 42.31296, "University 432": 37.765177, "University 435": 40.905139, "University 439": 38.841819, "University 441": 35.49426, "University 442": 39.950948, "University 450": 41.64025, "University 451": 29.468413, "University 452": 42.055136, "University 453": 37.953672}