{"University 1": 30.459975, "University 2": 38.392609, "University 3": 38.186526, "University 4": 44.66378, "University 5": 38.190601, "University 6": 36.112561, "University 7": 38.89445300000001, "University 8": 37.27174, "University 9": 33.080841, "University 10": 39.73221, "University 11": 37.986014, "University 12": 34.263421, "University 13": 34.938466, "University 14": 42.08068, "University 15": 33.470787, "University 16": 40.065615, "University 17": 33.52991, "University 18": 37.403801, "University 19": 34.183905, "University 20": 41.331619, "University 21": 39.709696, "University 22": 41.5028, "University 23": 39.088975, "University 24": 38.188827, "University 25": 31.978808, "University 26": 42.41484000000001, "University 27": 33.498228999999995, "University 28": 33.203634, "University 29": 38.892942, "University 30": 36.73702700000001, "University 31": 40.731274, "University 32": 40.897169, "University 33": 36.065616, "University 34": 39.65839, "University 35": 39.509498, "University 36": 33.673152, "University 37": 34.566567, "University 38": 35.072882, "University 39": 34.033208, "University 40": 35.050377000000005, "University 41": 26.384204, "University 42": 40.684882, "University 43": 38.89583, "University 44": 21.36711, "University 45": 45.78457, "University 46": 45.511825, "University 47": 34.358185, "University 48": 33.453832, "University 49": 40.732544, "University 50": 39.033781, "University 51": 41.027843, "University 52": 32.302802, "University 53": 29.558454, "University 54": 38.049883, "University 55": 37.981067, "University 56": -34.927341, "University 57": 33.746861, "University 58": 46.065081, "University 59": 35.99726300000001, "University 60": 35.30615200000001, "University 61": 46.882198, "University 64": 41.68339, "University 65": 29.912261, "University 66": 31.750141, "University 67": 36.30044, "University 68": 29.849649, "University 70": 33.980705, "University 71": 33.994748, "University 72": 32.432158, "University 73": 39.189982, "University 74": 34.497007, "University 75": 35.847744, "University 76": 41.27981, "University 77": 36.045904, "University 78": 35.40913300000001, "University 79": 34.223991, "University 80": 31.327811, "University 81": 38.187538, "University 82": NaN, "University 87": 38.873463, "University 88": 31.87571, "University 90": 36.53188, "University 98": 34.785061, "University 109": 41.331299, "University 111": 33.516737, "University 119": 38.93739, "University 124": 34.941683000000005, "University 128": 35.09241, "University 132": 39.769704, "University 134": 32.981204, "University 145": 47.638782, "University 147": 34.30189, "University 152": 47.00033300000001, "University 154": 37.44416, "University 156": 36.992329, "University 161": 35.691116, "University 195": 33.793603999999995, "University 199": 40.737603, "University 208": 32.602286, "University 214": 38.218713, "University 225": 21.650377, "University 230": 34.057959999999994, "University 237": 32.318452, "University 243": 37.52499, "University 247": 43.118799, "University 248": 39.729732, "University 251": 41.71658, "University 252": 33.594374, "University 257": 36.211015, "University 258": 37.646278, "University 264": 33.782523, "University 268": 38.378931, "University 271": 40.091913, "University 291": 33.879662, "University 294": 42.024516, "University 295": 34.291869, "University 296": 40.696765, "University 321": 34.513986, "University 322": 35.736373, "University 323": 42.366533, "University 324": 34.236075, "University 325": 41.210449, "University 338": 38.551889, "University 349": 42.983074, "University 354": 36.132562, "University 355": 41.379729, "University 364": 40.208682, "University 365": 33.863908, "University 375": 39.160261, "University 386": 39.957227, "University 390": 41.82574, "University 397": 35.898621}