{"University 1": -91.188601, "University 2": -96.181396, "University 3": -83.43560500000002, "University 4": -74.978409, "University 5": -76.4263, "University 6": -97.832972, "University 7": -77.042603, "University 8": -83.53629699999998, "University 9": -83.231778, "University 10": -90.246947, "University 11": -84.396001, "University 12": -85.189688, "University 13": -81.029872, "University 14": -78.48354300000003, "University 15": -75.910387, "University 16": -81.98959, "University 17": -79.885932, "University 18": -117.185591, "University 19": -97.581551, "University 20": -72.946852, "University 21": -75.120704, "University 22": -87.68429300000003, "University 23": -94.58516, "University 24": -76.42549, "University 25": -81.16297800000002, "University 26": -83.137876, "University 27": -86.8073, "University 28": -87.56214399999998, "University 29": -84.162826, "University 30": -77.392609, "University 31": -73.990999, "University 32": -74.02901800000002, "University 33": -79.777559, "University 34": -84.734465, "University 35": -117.769442, "University 36": -121.921498, "University 37": -75.717762, "University 38": -78.893753, "University 39": -84.581906, "University 40": -80.949466, "University 41": -80.14575, "University 42": -111.869961, "University 43": -77.009828, "University 44": -157.90399399999995, "University 45": -108.526828, "University 46": -122.684286, "University 47": -89.548378, "University 48": -88.794057, "University 49": -82.413225, "University 50": -94.577827, "University 51": -73.92519300000002, "University 52": -90.183909, "University 53": -95.786392, "University 54": -77.53823, "University 55": -121.308951, "University 56": 138.602002, "University 57": -90.736779, "University 58": -118.32958700000002, "University 59": -78.897667, "University 61": -80.734562, "University 62": -88.99056, "University 63": -102.799866, "University 65": -72.767385, "University 66": -89.995129, "University 67": -93.097768, "University 68": -95.498476, "University 69": -82.362131, "University 71": -84.00120799999998, "University 72": -93.701816, "University 73": -118.08086000000002, "University 74": -96.578842, "University 75": -114.331063, "University 76": -86.363676, "University 77": -105.59022, "University 78": -114.980388, "University 79": -78.73821099999998, "University 80": -77.88113, "University 81": -89.53718, "University 82": -84.84676400000002, "University 83": -117.18548, "University 84": -92.071902, "University 85": -112.351835, "University 86": NaN, "University 87": -90.210745, "University 88": -91.598917, "University 90": -90.675602, "University 93": -122.922323, "University 94": -82.29403, "University 95": -105.982146, "University 96": -122.690794, "University 97": -82.487126, "University 101": -97.471056, "University 104": -122.984856, "University 106": -104.133391, "University 108": -106.131618, "University 113": -91.48084, "University 115": -86.80190400000002, "University 117": -84.69466700000002, "University 119": -74.004581, "University 121": -71.61479, "University 122": -94.834963, "University 124": -87.454769, "University 126": -83.871284, "University 127": -122.25012, "University 128": -105.61278, "University 130": -117.812668, "University 131": -83.02764, "University 133": -79.997567, "University 134": -93.961022, "University 138": -86.513329, "University 144": -93.056583, "University 146": -88.858988, "University 147": -82.797267, "University 149": -78.668194, "University 150": -122.53801599999998, "University 154": -88.35976, "University 156": -83.801451, "University 157": -74.18681, "University 158": -122.309849, "University 167": -122.819336, "University 169": -105.508319, "University 173": -119.28446, "University 174": -80.91785300000002, "University 175": -87.667527, "University 176": -80.938257, "University 178": -75.344083, "University 186": -90.072803, "University 189": -75.78144499999998, "University 191": -84.557181, "University 197": -86.47276, "University 198": -121.746159, "University 199": -159.714507, "University 201": -76.35413, "University 203": -77.917335, "University 207": -87.62213, "University 209": -77.76388299999998, "University 217": -73.92343000000002, "University 218": -89.638254, "University 219": -80.072888, "University 221": -89.192566, "University 223": -96.523011, "University 224": -122.413452, "University 225": -80.870862, "University 226": -85.487341, "University 228": -88.663489, "University 231": -98.295356, "University 235": -74.700396, "University 237": -91.170285, "University 249": -117.76523, "University 251": -83.884804, "University 254": -87.87373199999998, "University 255": -87.683188, "University 257": -82.166534, "University 259": -89.615971, "University 260": -95.078313, "University 266": -89.209109, "University 269": -121.840083, "University 272": -76.941919, "University 274": -89.93666999999998, "University 276": -78.934721, "University 278": -81.861757, "University 281": -83.604895, "University 282": -75.23320799999998, "University 283": -117.814991, "University 285": -118.180502, "University 288": -79.89498499999998, "University 289": -92.465779, "University 291": -70.976558, "University 293": -99.11144, "University 298": -80.565343, "University 299": -71.414451, "University 300": -92.445162, "University 302": -106.753336, "University 303": -82.560475, "University 305": -82.361013, "University 306": -82.751009, "University 307": -90.19231, "University 309": -89.421412, "University 310": -86.872959, "University 314": -117.896341, "University 315": -94.860299, "University 318": -76.887905, "University 319": -95.302223, "University 320": -114.55606, "University 321": -90.077, "University 322": -87.60001, "University 323": -71.50445, "University 328": -77.841359, "University 329": -72.27741, "University 330": -83.33573, "University 332": -83.994328, "University 333": -117.29215, "University 334": -98.81099, "University 337": -74.168479, "University 338": -93.154445, "University 340": -84.708275, "University 342": -117.762554, "University 344": -78.82587099999998, "University 347": -72.199084, "University 348": -92.087367, "University 351": -88.24426600000002, "University 353": -105.392788, "University 354": -84.493439, "University 355": -91.506154, "University 356": -122.289657, "University 359": -79.38532, "University 360": -91.776, "University 361": -72.604842, "University 362": -88.112442, "University 365": -96.735563, "University 371": -91.991044, "University 372": -79.130864, "University 373": -95.263047, "University 375": -84.391695, "University 378": -92.595365, "University 380": -90.136429, "University 385": -78.206289, "University 392": -81.76714100000002, "University 393": -87.113196, "University 394": -76.61240500000002, "University 399": -79.94941700000003, "University 400": -79.03893000000002, "University 401": -83.374549, "University 404": -121.115411, "University 407": -72.888349, "University 411": -89.877841, "University 413": -95.30552, "University 414": -105.159078, "University 422": -104.16384, "University 423": -98.528889, "University 424": -71.081416, "University 425": -122.022872}