{"University 1": 30.459975, "University 2": 38.392609, "University 3": 38.186526, "University 4": 44.66378, "University 5": 38.190601, "University 6": 44.891983, "University 7": 38.89445300000001, "University 8": 37.66842000000001, "University 9": 33.080841, "University 10": 39.73221, "University 11": 37.986014, "University 12": 34.263421, "University 13": 34.938466, "University 14": 42.08068, "University 15": 37.403801, "University 16": 33.470787, "University 17": 40.065615, "University 18": 33.529999, "University 19": 42.224218, "University 20": 41.331619, "University 21": 39.709696, "University 22": 41.5028, "University 23": 39.088975, "University 24": 38.188827, "University 25": 31.978808, "University 26": 42.41484000000001, "University 27": 33.498228999999995, "University 28": 33.203634, "University 29": 36.73702700000001, "University 30": 35.580444, "University 31": 40.731274, "University 32": 40.897169, "University 33": 36.074859, "University 34": 39.509498, "University 35": 33.640302, "University 36": 37.680181, "University 37": 39.65839, "University 38": 35.072882, "University 39": 34.033208, "University 40": 35.050377000000005, "University 41": 26.384204, "University 42": 40.684882, "University 43": 38.89583, "University 44": 21.36711, "University 45": 45.78457, "University 46": 45.511825, "University 47": 34.358185, "University 48": 33.453832, "University 49": 28.062, "University 50": 39.033781, "University 51": 41.027843, "University 52": 32.302802, "University 53": 29.558454, "University 54": 37.57557, "University 55": 37.981067, "University 56": -34.927341, "University 57": 33.746861, "University 58": 46.065081, "University 59": 35.99726300000001, "University 61": 35.30615200000001, "University 62": 40.51417, "University 63": 46.882198, "University 65": 41.68339, "University 66": 29.912261, "University 67": 31.750141, "University 68": 29.849649, "University 69": 36.30044, "University 71": 33.980705, "University 72": 32.432158, "University 73": 33.994748, "University 74": 39.189982, "University 75": 34.497007, "University 76": 35.847744, "University 77": 41.27981, "University 78": 36.045904, "University 79": 35.40913300000001, "University 80": 34.228209, "University 81": 34.365411, "University 82": 38.187538, "University 83": 33.52991, "University 84": 32.539067, "University 85": 33.703967, "University 86": NaN, "University 87": 29.963254, "University 88": 35.691868, "University 90": 35.841039, "University 93": 45.408173, "University 94": 36.30011, "University 95": 35.69747299999999, "University 96": 45.507856, "University 97": 27.926018, "University 101": 48.630369, "University 104": 45.521516, "University 106": 44.119155, "University 108": 34.434684000000004, "University 113": 35.7005, "University 115": 33.456412, "University 117": 37.91007800000001, "University 119": 40.250861, "University 121": 42.54364, "University 122": 39.577496, "University 124": 39.622129, "University 126": 30.976287, "University 127": 47.26455, "University 128": 36.75391, "University 130": 33.657531, "University 131": 30.70327, "University 133": 40.303119, "University 134": 33.826229, "University 138": 39.07977, "University 144": 34.12708, "University 146": 36.34318, "University 147": 34.744649, "University 149": 37.522251, "University 150": 47.647774, "University 154": 36.905612, "University 156": 33.717989, "University 157": 41.33065, "University 158": 47.666487, "University 167": 48.049258, "University 169": 38.993867, "University 173": 46.28569, "University 174": 36.432632, "University 175": 39.282538, "University 176": 34.859604, "University 178": 39.897162, "University 186": 29.953701, "University 189": 40.53907, "University 191": 33.912473, "University 197": 33.94815, "University 198": 38.544956, "University 199": 21.970965, "University 201": 39.99788, "University 203": 43.223303, "University 207": 41.88531, "University 209": 39.537043, "University 217": 40.83739, "University 218": 44.510664, "University 219": 42.074129, "University 221": 32.941519, "University 223": 41.147084, "University 224": 37.725102, "University 225": 35.180557, "University 226": 32.60242, "University 228": 32.381605, "University 231": 29.543813, "University 235": 41.650261, "University 237": 30.590585, "University 249": 34.073692, "University 251": 36.03233400000001, "University 254": 42.96986500000001, "University 255": 41.477816, "University 257": 41.450991, "University 259": 39.724961, "University 260": 40.286914, "University 266": 37.739004, "University 269": 39.74615900000001, "University 272": 38.970388, "University 274": 35.117940999999995, "University 276": 35.969681, "University 278": 41.370548, "University 281": 33.061245, "University 282": 43.077369, "University 283": 33.651144, "University 285": 33.82887, "University 288": 40.046955, "University 289": 31.307468, "University 291": 41.973741, "University 293": 30.73851, "University 298": 32.424353, "University 299": 41.82275, "University 300": 35.162396, "University 302": 32.283428, "University 303": 28.052414, "University 305": 27.727590000000006, "University 306": 38.30699, "University 307": 38.631501, "University 309": 43.072595, "University 310": 33.105259999999994, "University 314": 33.879768, "University 315": 40.277742, "University 318": 39.206132, "University 319": 32.321937, "University 320": 32.78921, "University 321": 29.958304, "University 322": 33.65983, "University 323": 43.65818, "University 328": 40.77893, "University 329": 43.70701, "University 330": 36.731332, "University 332": 43.556574, "University 333": 34.104794, "University 334": 35.709894, "University 337": 41.141206, "University 338": 41.906231, "University 340": 36.809796, "University 342": 48.124594, "University 344": 43.212556, "University 347": 44.73663, "University 348": 46.814054, "University 351": 40.10789000000001, "University 353": 35.29838, "University 354": 40.114729, "University 355": 44.796635, "University 356": 37.86923400000001, "University 359": 41.21479, "University 360": 40.43448400000001, "University 361": 42.170731, "University 362": 41.87272, "University 365": 46.842028000000006, "University 371": 30.24171, "University 372": 35.53971, "University 373": 32.283341, "University 375": 45.558622, "University 378": 44.802351, "University 380": 34.173057, "University 385": 42.42282700000001, "University 392": 38.380263, "University 393": 39.591282, "University 394": 39.330076, "University 399": 38.978405, "University 400": 43.13867, "University 401": 42.31296, "University 404": 37.765177, "University 407": 40.905139, "University 411": 38.841819, "University 413": 35.49426, "University 414": 39.950948, "University 422": 41.64025, "University 423": 29.468413, "University 424": 42.055136, "University 425": 37.953672}