{"University 1": -91.188601, "University 2": -96.181396, "University 3": -83.43560500000002, "University 4": -74.978409, "University 5": -76.4263, "University 6": -115.109222, "University 7": -77.042603, "University 8": -76.71426, "University 9": -83.231778, "University 10": -90.246947, "University 11": -84.396001, "University 12": -85.189688, "University 13": -81.029872, "University 14": -78.48354300000003, "University 15": -81.98959, "University 16": -79.885932, "University 17": -117.18548, "University 18": -75.910387, "University 19": -118.575077, "University 20": -72.946852, "University 21": -75.120704, "University 22": -87.68429300000003, "University 23": -94.58516, "University 24": -76.42549, "University 25": -81.16297800000002, "University 26": -83.137876, "University 27": -86.8073, "University 28": -87.56214399999998, "University 29": -89.410143, "University 30": -84.162826, "University 31": -73.990999, "University 32": -74.02901800000002, "University 33": -79.81305, "University 34": -75.717762, "University 35": -84.734465, "University 36": -117.880738, "University 37": -83.54284, "University 38": -78.893753, "University 39": -84.581906, "University 40": -80.949466, "University 41": -80.14575, "University 42": -111.869961, "University 43": -77.009828, "University 44": -157.90399399999995, "University 45": -108.526828, "University 46": -122.684286, "University 47": -89.548378, "University 48": -88.794057, "University 49": -75.263954, "University 50": -94.577827, "University 51": -73.92519300000002, "University 52": -90.183909, "University 53": -95.786392, "University 54": -78.501288, "University 55": -121.308951, "University 56": 138.602002, "University 57": -90.736779, "University 58": -118.32958700000002, "University 59": -78.897667, "University 60": -80.734562, "University 61": -102.799866, "University 64": -72.767385, "University 65": -89.995129, "University 66": -93.097768, "University 67": -82.362131, "University 68": -95.498476, "University 70": -84.00120799999998, "University 71": -118.08086000000002, "University 72": -93.701816, "University 73": -96.578842, "University 74": -114.331063, "University 75": -86.363676, "University 76": -105.59022, "University 77": -114.980388, "University 78": -78.73821099999998, "University 79": -77.86776400000002, "University 80": -89.332063, "University 81": -84.84676400000002, "University 82": NaN, "University 87": -77.083371, "University 88": -91.141739, "University 90": -87.35472, "University 98": -86.57328000000003, "University 109": -72.92144, "University 111": -86.85171, "University 119": -77.0892, "University 124": -81.029894, "University 128": -106.64295, "University 132": -86.16018000000003, "University 134": -80.071966, "University 145": -122.521704, "University 147": -83.822057, "University 152": -120.541972, "University 154": -122.163743, "University 156": -86.447825, "University 161": -80.481124, "University 195": -117.851581, "University 199": -73.975408, "University 208": -85.486081, "University 214": -85.705324, "University 225": -157.924912, "University 230": -117.822688, "University 237": -90.169203, "University 243": -120.858459, "University 247": -79.238508, "University 248": -121.844783, "University 251": -87.60847199999998, "University 252": -84.328396, "University 257": -81.6777, "University 258": -84.271598, "University 264": -118.122205, "University 268": -78.970686, "University 271": -75.16529399999997, "University 291": -117.885496, "University 294": -73.903544, "University 295": -85.179874, "University 296": -89.615822, "University 321": -82.63873199999998, "University 322": -77.913347, "University 323": -71.258093, "University 324": -118.528326, "University 325": -79.37899999999998, "University 338": -76.57221, "University 349": -87.967247, "University 354": -86.84268399999998, "University 355": -83.622879, "University 364": -85.408472, "University 365": -118.255633, "University 375": -80.049048, "University 386": -82.940015, "University 390": -71.405199, "University 397": -89.920963}